row_num,transect_dist_id,depth_cm,extract,fraction,replicate,soil_moist_type,p_conc_mgperkg,notes
1,1,10,H2O,Po,1,dried,19.04022002,
2,1,30,H2O,Po,1,dried,13.55980571,
3,1,50,H2O,Po,1,dried,13.64533761,
4,1,100,H2O,Po,1,dried,39.03354919,
5,2,10,H2O,Po,1,dried,9.98082945,
6,2,30,H2O,Po,1,dried,41.88594446,
7,2,50,H2O,Po,1,dried,13.94223477,
8,2,100,H2O,Po,1,dried,8.03924263,
9,3,10,H2O,Po,1,dried,25.41838946,
10,3,30,H2O,Po,1,dried,11.46353775,
11,3,50,H2O,Po,1,dried,5.74203422,
12,3,100,H2O,Po,1,dried,6.8607495,
13,4,10,H2O,Po,1,dried,22.55751057,
14,4,30,H2O,Po,1,dried,10.82646084,
15,4,50,H2O,Po,1,dried,8.38732381,
16,4,100,H2O,Po,1,dried,5.15751126,
17,5,10,H2O,Po,1,dried,26.46826153,
18,5,30,H2O,Po,1,dried,7.34277607,
19,5,50,H2O,Po,1,dried,9.43003696,
20,5,100,H2O,Po,1,dried,6.09331108,
21,6,10,H2O,Po,1,dried,20.62763603,
22,6,30,H2O,Po,1,dried,8.50988754,
23,6,50,H2O,Po,1,dried,7.7402303,
24,6,100,H2O,Po,1,dried,3.96303522,
25,1,10,NaHCO3,Po,1,dried,111.9324135,
26,1,30,NaHCO3,Po,1,dried,69.31894408,
27,1,50,NaHCO3,Po,1,dried,79.67262923,
28,1,100,NaHCO3,Po,1,dried,61.67572059,
29,2,10,NaHCO3,Po,1,dried,54.86652108,
30,2,30,NaHCO3,Po,1,dried,100.8666817,
31,2,50,NaHCO3,Po,1,dried,83.18632608,
32,2,100,NaHCO3,Po,1,dried,44.92760682,
33,3,10,NaHCO3,Po,1,dried,114.6373791,
34,3,30,NaHCO3,Po,1,dried,66.9826776,
35,3,50,NaHCO3,Po,1,dried,42.99642441,
36,3,100,NaHCO3,Po,1,dried,40.72091514,
37,4,10,NaHCO3,Po,1,dried,101.8961321,
38,4,30,NaHCO3,Po,1,dried,52.10472748,
39,4,50,NaHCO3,Po,1,dried,29.28138571,
40,4,100,NaHCO3,Po,1,dried,48.28850149,
41,5,10,NaHCO3,Po,1,dried,120.6310005,
42,5,30,NaHCO3,Po,1,dried,53.14889461,
43,5,50,NaHCO3,Po,1,dried,65.94782749,
44,5,100,NaHCO3,Po,1,dried,22.36608765,
45,6,10,NaHCO3,Po,1,dried,107.9744783,
46,6,30,NaHCO3,Po,1,dried,50.37990034,
47,6,50,NaHCO3,Po,1,dried,40.22897774,
48,6,100,NaHCO3,Po,1,dried,21.84988872,
49,1,10,NaOH,Po,1,dried,240.7,
50,1,30,NaOH,Po,1,dried,154.9,
51,1,50,NaOH,Po,1,dried,184.9,
52,1,100,NaOH,Po,1,dried,308.1,
53,2,10,NaOH,Po,1,dried,117.9,
54,2,30,NaOH,Po,1,dried,208.0,
55,2,50,NaOH,Po,1,dried,154.5,
56,2,100,NaOH,Po,1,dried,59.3,
57,3,10,NaOH,Po,1,dried,248.3,
58,3,30,NaOH,Po,1,dried,129.6,
59,3,50,NaOH,Po,1,dried,80.2,
60,3,100,NaOH,Po,1,dried,77.6,
61,4,10,NaOH,Po,1,dried,233.7,
62,4,30,NaOH,Po,1,dried,106.0,
63,4,50,NaOH,Po,1,dried,63.3,
64,4,100,NaOH,Po,1,dried,87.8,
65,5,10,NaOH,Po,1,dried,261.1,
66,5,30,NaOH,Po,1,dried,126.8,
67,5,50,NaOH,Po,1,dried,142.8,
68,5,100,NaOH,Po,1,dried,26.8,
69,6,10,NaOH,Po,1,dried,236.6,
70,6,30,NaOH,Po,1,dried,98.6,
71,6,50,NaOH,Po,1,dried,83.5,
72,6,100,NaOH,Po,1,dried,50.8,
73,1,10,HCl,Po,1,dried,198.3,
74,1,30,HCl,Po,1,dried,113.9,
75,1,50,HCl,Po,1,dried,124.6,
76,1,100,HCl,Po,1,dried,90.2,
77,2,10,HCl,Po,1,dried,50.5,
78,2,30,HCl,Po,1,dried,185.3,
79,2,50,HCl,Po,1,dried,184.1,
80,2,100,HCl,Po,1,dried,22.6,
81,3,10,HCl,Po,1,dried,212.3,
82,3,30,HCl,Po,1,dried,165.2,
83,3,50,HCl,Po,1,dried,103.0,
84,3,100,HCl,Po,1,dried,85.7,
85,4,10,HCl,Po,1,dried,184.3,
86,4,30,HCl,Po,1,dried,122.7,
87,4,50,HCl,Po,1,dried,92.2,
88,4,100,HCl,Po,1,dried,103.0,
89,5,10,HCl,Po,1,dried,156.6,
90,5,30,HCl,Po,1,dried,118.8,
91,5,50,HCl,Po,1,dried,118.5,
92,5,100,HCl,Po,1,dried,86.5,
93,6,10,HCl,Po,1,dried,135.8,
94,6,30,HCl,Po,1,dried,102.2,
95,6,50,HCl,Po,1,dried,90.0,
96,6,100,HCl,Po,1,dried,43.7,
97,1,10,H2O,Po,1,field_fresh,14.56898531,
98,1,30,H2O,Po,1,field_fresh,29.38662634,
99,1,50,H2O,Po,1,field_fresh,21.7160772,
100,1,100,H2O,Po,1,field_fresh,40.81322223,
101,2,10,H2O,Po,1,field_fresh,3.82906407,
102,2,30,H2O,Po,1,field_fresh,10.57725635,
103,2,50,H2O,Po,1,field_fresh,9.30504282,
104,2,100,H2O,Po,1,field_fresh,50.49985496,
105,3,10,H2O,Po,1,field_fresh,7.53899595,
106,3,30,H2O,Po,1,field_fresh,5.3030641,
107,3,50,H2O,Po,1,field_fresh,4.30471751,
108,3,100,H2O,Po,1,field_fresh,19.65680244,
109,4,10,H2O,Po,1,field_fresh,5.24077091,
110,4,30,H2O,Po,1,field_fresh,3.35155639,
111,4,50,H2O,Po,1,field_fresh,3.73812779,
112,4,100,H2O,Po,1,field_fresh,7.45318655,
113,5,10,H2O,Po,1,field_fresh,7.30948695,
114,5,30,H2O,Po,1,field_fresh,3.17624533,
115,5,50,H2O,Po,1,field_fresh,2.98457869,
116,5,100,H2O,Po,1,field_fresh,4.81479522,
117,6,10,H2O,Po,1,field_fresh,5.61365601,
118,6,30,H2O,Po,1,field_fresh,3.15030835,
119,6,50,H2O,Po,1,field_fresh,2.60064439,
120,6,100,H2O,Po,1,field_fresh,4.04756219,
121,1,10,NaHCO3,Po,1,field_fresh,87.61044075,
122,1,30,NaHCO3,Po,1,field_fresh,57.52441303,
123,1,50,NaHCO3,Po,1,field_fresh,57.93850915,
124,1,100,NaHCO3,Po,1,field_fresh,103.646894,
125,2,10,NaHCO3,Po,1,field_fresh,39.95807117,
126,2,30,NaHCO3,Po,1,field_fresh,86.52156129,
127,2,50,NaHCO3,Po,1,field_fresh,62.12215111,
128,2,100,NaHCO3,Po,1,field_fresh,73.00363751,
129,3,10,NaHCO3,Po,1,field_fresh,82.90017754,
130,3,30,NaHCO3,Po,1,field_fresh,47.47295507,
131,3,50,NaHCO3,Po,1,field_fresh,30.88929238,
132,3,100,NaHCO3,Po,1,field_fresh,26.04995997,
133,4,10,NaHCO3,Po,1,field_fresh,77.87345817,
134,4,30,NaHCO3,Po,1,field_fresh,30.40852957,
135,4,50,NaHCO3,Po,1,field_fresh,35.05220545,
136,4,100,NaHCO3,Po,1,field_fresh,16.6066595,
137,5,10,NaHCO3,Po,1,field_fresh,71.09289525,
138,5,30,NaHCO3,Po,1,field_fresh,36.44075801,
139,5,50,NaHCO3,Po,1,field_fresh,37.34725232,
140,5,100,NaHCO3,Po,1,field_fresh,5.83436585,
141,6,10,NaHCO3,Po,1,field_fresh,57.6014246,
142,6,30,NaHCO3,Po,1,field_fresh,28.03585071,
143,6,50,NaHCO3,Po,1,field_fresh,21.8026794,
144,6,100,NaHCO3,Po,1,field_fresh,9.82642995,
145,1,10,NaOH,Po,1,field_fresh,261.4,
146,1,30,NaOH,Po,1,field_fresh,170.5,
147,1,50,NaOH,Po,1,field_fresh,161.8,
148,1,100,NaOH,Po,1,field_fresh,308.1,
149,2,10,NaOH,Po,1,field_fresh,154.6,
150,2,30,NaOH,Po,1,field_fresh,194.3,
151,2,50,NaOH,Po,1,field_fresh,146.3,
152,2,100,NaOH,Po,1,field_fresh,148.1,
153,3,10,NaOH,Po,1,field_fresh,311.5,
154,3,30,NaOH,Po,1,field_fresh,137.9,
155,3,50,NaOH,Po,1,field_fresh,91.5,
156,3,100,NaOH,Po,1,field_fresh,84.5,
157,4,10,NaOH,Po,1,field_fresh,321.5,
158,4,30,NaOH,Po,1,field_fresh,106.2,
159,4,50,NaOH,Po,1,field_fresh,128.3,
160,4,100,NaOH,Po,1,field_fresh,87.8,
161,5,10,NaOH,Po,1,field_fresh,277.7,
162,5,30,NaOH,Po,1,field_fresh,140.2,
163,5,50,NaOH,Po,1,field_fresh,113.6,
164,5,100,NaOH,Po,1,field_fresh,17.2,
165,6,10,NaOH,Po,1,field_fresh,228.2,
166,6,30,NaOH,Po,1,field_fresh,101.1,
167,6,50,NaOH,Po,1,field_fresh,74.3,
168,6,100,NaOH,Po,1,field_fresh,23.7,
169,1,10,HCl,Po,1,field_fresh,162.4,
170,1,30,HCl,Po,1,field_fresh,103.9,
171,1,50,HCl,Po,1,field_fresh,107.3,
172,1,100,HCl,Po,1,field_fresh,68.0,
173,2,10,HCl,Po,1,field_fresh,64.6,
174,2,30,HCl,Po,1,field_fresh,173.0,
175,2,50,HCl,Po,1,field_fresh,136.0,
176,2,100,HCl,Po,1,field_fresh,60.4,
177,3,10,HCl,Po,1,field_fresh,166.6,
178,3,30,HCl,Po,1,field_fresh,138.7,
179,3,50,HCl,Po,1,field_fresh,116.4,
180,3,100,HCl,Po,1,field_fresh,95.1,
181,4,10,HCl,Po,1,field_fresh,168.7,
182,4,30,HCl,Po,1,field_fresh,104.8,
183,4,50,HCl,Po,1,field_fresh,99.1,
184,4,100,HCl,Po,1,field_fresh,72.9,
185,5,10,HCl,Po,1,field_fresh,140.0,
186,5,30,HCl,Po,1,field_fresh,107.7,
187,5,50,HCl,Po,1,field_fresh,87.9,
188,5,100,HCl,Po,1,field_fresh,81.8,
189,6,10,HCl,Po,1,field_fresh,118.9,
190,6,30,HCl,Po,1,field_fresh,89.2,
191,6,50,HCl,Po,1,field_fresh,79.8,
192,6,100,HCl,Po,1,field_fresh,39.9,
193,1,10,H2O,Pi,1,dried,1.110774,
194,1,10,H2O,Pi,2,dried,1.095927,
195,1,10,H2O,Pi,3,dried,1.043346,
196,1,30,H2O,Pi,1,dried,0.492771,
197,1,30,H2O,Pi,2,dried,0.535261,
198,1,30,H2O,Pi,3,dried,0.465278,
199,1,50,H2O,Pi,1,dried,0.563931,
200,1,50,H2O,Pi,2,dried,0.575375,
201,1,50,H2O,Pi,3,dried,0.575685,
202,1,100,H2O,Pi,1,dried,0.649608,
203,1,100,H2O,Pi,2,dried,0.644922,
204,1,100,H2O,Pi,3,dried,0.642422,
205,2,10,H2O,Pi,1,dried,0.478874,
206,2,10,H2O,Pi,2,dried,0.455058,
207,2,10,H2O,Pi,3,dried,0.452583,
208,2,30,H2O,Pi,1,dried,1.073568,
209,2,30,H2O,Pi,2,dried,1.017365,
210,2,30,H2O,Pi,3,dried,1.060134,
211,2,50,H2O,Pi,1,dried,0.857766,
212,2,50,H2O,Pi,2,dried,0.802402,
213,2,50,H2O,Pi,3,dried,0.753532,
214,2,100,H2O,Pi,1,dried,0.629503,
215,2,100,H2O,Pi,2,dried,0.634295,
216,2,100,H2O,Pi,3,dried,0.583153,
217,3,10,H2O,Pi,1,dried,1.133971,
218,3,10,H2O,Pi,2,dried,1.097783,
219,3,10,H2O,Pi,3,dried,1.114485,
220,3,30,H2O,Pi,1,dried,0.534461,
221,3,30,H2O,Pi,2,dried,0.521599,
222,3,30,H2O,Pi,3,dried,0.517006,
223,3,50,H2O,Pi,1,dried,0.474026,
224,3,50,H2O,Pi,2,dried,0.428099,
225,3,50,H2O,Pi,3,dried,0.474963,
226,3,100,H2O,Pi,1,dried,0.573047,
227,3,100,H2O,Pi,2,dried,0.563003,
228,3,100,H2O,Pi,3,dried,0.541043,
229,4,10,H2O,Pi,1,dried,0.783432,
230,4,10,H2O,Pi,2,dried,0.809463,
231,4,10,H2O,Pi,3,dried,0.773939,
232,4,30,H2O,Pi,1,dried,0.336247,
233,4,30,H2O,Pi,2,dried,0.333435,
234,4,30,H2O,Pi,3,dried,0.329373,
235,4,50,H2O,Pi,1,dried,0.355305,
236,4,50,H2O,Pi,2,dried,0.352805,
237,4,50,H2O,Pi,3,dried,0.379049,
238,4,100,H2O,Pi,1,dried,0.481348,
239,4,100,H2O,Pi,2,dried,0.469904,
240,4,100,H2O,Pi,3,dried,0.455986,
241,5,10,H2O,Pi,1,dried,0.980153,
242,5,10,H2O,Pi,2,dried,0.966406,
243,5,10,H2O,Pi,3,dried,0.923604,
244,5,30,H2O,Pi,1,dried,0.429077,
245,5,30,H2O,Pi,2,dried,0.404333,
246,5,30,H2O,Pi,3,dried,0.398765,
247,5,50,H2O,Pi,1,dried,0.581316,
248,5,50,H2O,Pi,2,dried,0.557429,
249,5,50,H2O,Pi,3,dried,0.568147,
250,5,100,H2O,Pi,1,dried,0.419664,
251,5,100,H2O,Pi,2,dried,0.410604,
252,5,100,H2O,Pi,3,dried,0.352805,
253,6,10,H2O,Pi,1,dried,0.794669,
254,6,10,H2O,Pi,2,dried,0.808278,
255,6,10,H2O,Pi,3,dried,0.740851,
256,6,30,H2O,Pi,1,dried,0.427787,
257,6,30,H2O,Pi,2,dried,0.467152,
258,6,30,H2O,Pi,3,dried,0.423725,
259,6,50,H2O,Pi,1,dried,0.307212,
260,6,50,H2O,Pi,2,dried,0.313708,
261,6,50,H2O,Pi,3,dried,0.276592,
262,6,100,H2O,Pi,1,dried,0.494333,
263,6,100,H2O,Pi,2,dried,0.520577,
264,6,100,H2O,Pi,3,dried,0.454748,
265,1,10,NaHCO3,Pi,1,dried,2.537770,
266,1,10,NaHCO3,Pi,2,dried,2.289994,
267,1,10,NaHCO3,Pi,3,dried,2.415993,
268,1,30,NaHCO3,Pi,1,dried,1.519466,
269,1,30,NaHCO3,Pi,2,dried,1.534650,
270,1,30,NaHCO3,Pi,3,dried,1.489610,
271,1,50,NaHCO3,Pi,1,dried,1.761168,
272,1,50,NaHCO3,Pi,2,dried,1.654592,
273,1,50,NaHCO3,Pi,3,dried,1.692763,
274,1,100,NaHCO3,Pi,1,dried,1.938645,
275,1,100,NaHCO3,Pi,2,dried,1.956047,
276,1,100,NaHCO3,Pi,3,dried,1.805060,
277,2,10,NaHCO3,Pi,1,dried,0.807559,
278,2,10,NaHCO3,Pi,2,dried,0.811105,
279,2,10,NaHCO3,Pi,3,dried,0.819044,
280,2,30,NaHCO3,Pi,1,dried,2.381368,
281,2,30,NaHCO3,Pi,2,dried,2.336157,
282,2,30,NaHCO3,Pi,3,dried,2.436303,
283,2,50,NaHCO3,Pi,1,dried,2.144402,
284,2,50,NaHCO3,Pi,2,dried,2.120249,
285,2,50,NaHCO3,Pi,3,dried,2.050831,
286,2,100,NaHCO3,Pi,1,dried,1.292216,
287,2,100,NaHCO3,Pi,2,dried,1.265961,
288,2,100,NaHCO3,Pi,3,dried,1.188535,
289,3,10,NaHCO3,Pi,1,dried,1.978373,
290,3,10,NaHCO3,Pi,2,dried,2.072113,
291,3,10,NaHCO3,Pi,3,dried,2.021443,
292,3,30,NaHCO3,Pi,1,dried,1.282851,
293,3,30,NaHCO3,Pi,2,dried,1.290376,
294,3,30,NaHCO3,Pi,3,dried,1.327835,
295,3,50,NaHCO3,Pi,1,dried,0.952371,
296,3,50,NaHCO3,Pi,2,dried,0.926269,
297,3,50,NaHCO3,Pi,3,dried,0.926780,
298,3,100,NaHCO3,Pi,1,dried,1.038614,
299,3,100,NaHCO3,Pi,2,dried,1.003989,
300,3,100,NaHCO3,Pi,3,dried,1.026284,
301,4,10,NaHCO3,Pi,1,dried,1.634029,
302,4,10,NaHCO3,Pi,2,dried,1.646070,
303,4,10,NaHCO3,Pi,3,dried,1.683863,
304,4,30,NaHCO3,Pi,1,dried,0.947935,
305,4,30,NaHCO3,Pi,2,dried,0.908696,
306,4,30,NaHCO3,Pi,3,dried,0.955271,
307,4,50,NaHCO3,Pi,1,dried,0.589322,
308,4,50,NaHCO3,Pi,2,dried,0.564925,
309,4,50,NaHCO3,Pi,3,dried,0.579256,
310,4,100,NaHCO3,Pi,1,dried,1.101107,
311,4,100,NaHCO3,Pi,2,dried,1.034054,
312,4,100,NaHCO3,Pi,3,dried,1.089959,
313,5,10,NaHCO3,Pi,1,dried,1.836622,
314,5,10,NaHCO3,Pi,2,dried,1.498311,
315,5,10,NaHCO3,Pi,3,dried,1.937792,
316,5,30,NaHCO3,Pi,1,dried,1.018515,
317,5,30,NaHCO3,Pi,2,dried,0.786446,
318,5,30,NaHCO3,Pi,3,dried,1.013448,
319,5,50,NaHCO3,Pi,1,dried,1.281346,
320,5,50,NaHCO3,Pi,2,dried,1.154420,
321,5,50,NaHCO3,Pi,3,dried,1.270811,
322,5,100,NaHCO3,Pi,1,dried,0.629073,
323,5,100,NaHCO3,Pi,2,dried,0.571237,
324,5,100,NaHCO3,Pi,3,dried,0.580450,
325,6,10,NaHCO3,Pi,1,dried,1.325406,
326,6,10,NaHCO3,Pi,2,dried,1.336722,
327,6,10,NaHCO3,Pi,3,dried,1.405971,
328,6,30,NaHCO3,Pi,1,dried,0.890953,
329,6,30,NaHCO3,Pi,2,dried,0.842501,
330,6,30,NaHCO3,Pi,3,dried,0.851031,
331,6,50,NaHCO3,Pi,1,dried,0.675817,
332,6,50,NaHCO3,Pi,2,dried,0.674296,
333,6,50,NaHCO3,Pi,3,dried,0.690511,
334,6,100,NaHCO3,Pi,1,dried,0.530804,
335,6,100,NaHCO3,Pi,2,dried,0.412915,
336,6,100,NaHCO3,Pi,3,dried,0.438676,
337,1,10,NaOH,Pi,1,dried,111.635672,
338,1,10,NaOH,Pi,2,dried,112.957407,
339,1,10,NaOH,Pi,3,dried,115.333717,
340,1,30,NaOH,Pi,1,dried,67.938545,
341,1,30,NaOH,Pi,2,dried,67.881732,
342,1,30,NaOH,Pi,3,dried,70.963793,
343,1,50,NaOH,Pi,1,dried,75.484843,
344,1,50,NaOH,Pi,2,dried,80.560868,
345,1,50,NaOH,Pi,3,dried,87.267964,
346,1,100,NaOH,Pi,1,dried,239.729538,
347,1,100,NaOH,Pi,2,dried,235.051396,
348,1,100,NaOH,Pi,3,dried,251.299667,
349,2,10,NaOH,Pi,1,dried,38.110705,
350,2,10,NaOH,Pi,2,dried,43.226051,
351,2,10,NaOH,Pi,3,dried,44.972700,
352,2,30,NaOH,Pi,1,dried,110.661263,
353,2,30,NaOH,Pi,2,dried,114.311438,
354,2,30,NaOH,Pi,3,dried,123.131519,
355,2,50,NaOH,Pi,1,dried,84.905718,
356,2,50,NaOH,Pi,2,dried,84.638556,
357,2,50,NaOH,Pi,3,dried,84.638556,
358,2,100,NaOH,Pi,1,dried,46.562146,
359,2,100,NaOH,Pi,2,dried,45.348589,
360,2,100,NaOH,Pi,3,dried,42.341483,
361,3,10,NaOH,Pi,1,dried,91.458141,
362,3,10,NaOH,Pi,2,dried,93.623534,
363,3,10,NaOH,Pi,3,dried,102.060135,
364,3,30,NaOH,Pi,1,dried,45.838925,
365,3,30,NaOH,Pi,2,dried,49.733948,
366,3,30,NaOH,Pi,3,dried,46.629394,
367,3,50,NaOH,Pi,1,dried,40.753946,
368,3,50,NaOH,Pi,2,dried,38.424647,
369,3,50,NaOH,Pi,3,dried,40.555104,
370,3,100,NaOH,Pi,1,dried,23.782549,
371,3,100,NaOH,Pi,2,dried,24.991794,
372,3,100,NaOH,Pi,3,dried,28.057094,
373,4,10,NaOH,Pi,1,dried,76.783970,
374,4,10,NaOH,Pi,2,dried,74.960221,
375,4,10,NaOH,Pi,3,dried,74.361584,
376,4,30,NaOH,Pi,1,dried,36.237382,
377,4,30,NaOH,Pi,2,dried,36.208975,
378,4,30,NaOH,Pi,3,dried,36.152162,
379,4,50,NaOH,Pi,1,dried,29.632973,
380,4,50,NaOH,Pi,2,dried,30.755013,
381,4,50,NaOH,Pi,3,dried,30.868635,
382,4,100,NaOH,Pi,1,dried,37.182680,
383,4,100,NaOH,Pi,2,dried,37.590450,
384,4,100,NaOH,Pi,3,dried,38.448171,
385,5,10,NaOH,Pi,1,dried,81.530848,
386,5,10,NaOH,Pi,2,dried,38.616901,
387,5,10,NaOH,Pi,3,dried,76.204709,
388,5,30,NaOH,Pi,1,dried,38.616901,
389,5,30,NaOH,Pi,2,dried,38.940308,
390,5,30,NaOH,Pi,3,dried,33.484640,
391,5,50,NaOH,Pi,1,dried,50.332588,
392,5,50,NaOH,Pi,2,dried,57.299987,
393,5,50,NaOH,Pi,3,dried,55.246975,
394,5,100,NaOH,Pi,1,dried,15.231100,
395,5,100,NaOH,Pi,2,dried,16.736621,
396,5,100,NaOH,Pi,3,dried,16.140095,
397,6,10,NaOH,Pi,1,dried,64.348535,
398,6,10,NaOH,Pi,2,dried,66.345193,
399,6,10,NaOH,Pi,3,dried,65.121884,
400,6,30,NaOH,Pi,1,dried,29.064851,
401,6,30,NaOH,Pi,2,dried,31.536178,
402,6,30,NaOH,Pi,3,dried,28.723981,
403,6,50,NaOH,Pi,1,dried,22.713911,
404,6,50,NaOH,Pi,2,dried,23.951279,
405,6,50,NaOH,Pi,3,dried,25.090221,
406,6,100,NaOH,Pi,1,dried,15.231100,
407,6,100,NaOH,Pi,2,dried,16.736621,
408,6,100,NaOH,Pi,3,dried,16.140095,
409,1,10,HCl,Pi,1,dried,128.492395,
410,1,10,HCl,Pi,2,dried,109.896558,
411,1,10,HCl,Pi,3,dried,111.986456,
412,1,30,HCl,Pi,1,dried,83.089604,
413,1,30,HCl,Pi,2,dried,89.049260,
414,1,30,HCl,Pi,3,dried,71.155946,
415,1,50,HCl,Pi,1,dried,97.485117,
416,1,50,HCl,Pi,2,dried,99.845140,
417,1,50,HCl,Pi,3,dried,100.214784,
418,1,100,HCl,Pi,1,dried,62.711904,
419,1,100,HCl,Pi,2,dried,64.420817,
420,1,100,HCl,Pi,3,dried,65.813796,
421,2,10,HCl,Pi,1,dried,37.830583,
422,2,10,HCl,Pi,2,dried,40.233257,
423,2,10,HCl,Pi,3,dried,38.669390,
424,2,30,HCl,Pi,1,dried,157.075449,
425,2,30,HCl,Pi,2,dried,161.053330,
426,2,30,HCl,Pi,3,dried,161.053330,
427,2,50,HCl,Pi,1,dried,136.866200,
428,2,50,HCl,Pi,2,dried,134.420877,
429,2,50,HCl,Pi,3,dried,122.478606,
430,2,100,HCl,Pi,1,dried,61.287096,
431,2,100,HCl,Pi,2,dried,69.324627,
432,2,100,HCl,Pi,3,dried,64.749846,
433,3,10,HCl,Pi,1,dried,167.105760,
434,3,10,HCl,Pi,2,dried,173.176426,
435,3,10,HCl,Pi,3,dried,174.797162,
436,3,30,HCl,Pi,1,dried,125.024297,
437,3,30,HCl,Pi,2,dried,125.798492,
438,3,30,HCl,Pi,3,dried,127.389111,
439,3,50,HCl,Pi,1,dried,83.405539,
440,3,50,HCl,Pi,2,dried,85.789401,
441,3,50,HCl,Pi,3,dried,86.148416,
442,3,100,HCl,Pi,1,dried,60.904773,
443,3,100,HCl,Pi,2,dried,68.510867,
444,3,100,HCl,Pi,3,dried,59.852718,
445,4,10,HCl,Pi,1,dried,152.191429,
446,4,10,HCl,Pi,2,dried,145.955662,
447,4,10,HCl,Pi,3,dried,145.223693,
448,4,30,HCl,Pi,1,dried,91.705968,
449,4,30,HCl,Pi,2,dried,85.947368,
450,4,30,HCl,Pi,3,dried,82.486461,
451,4,50,HCl,Pi,1,dried,58.389363,
452,4,50,HCl,Pi,2,dried,66.043570,
453,4,50,HCl,Pi,3,dried,70.093256,
454,4,100,HCl,Pi,1,dried,81.590509,
455,4,100,HCl,Pi,2,dried,81.960153,
456,4,100,HCl,Pi,3,dried,84.576082,
457,5,10,HCl,Pi,1,dried,123.529071,
458,5,10,HCl,Pi,2,dried,123.715764,
459,5,10,HCl,Pi,3,dried,121.489869,
460,5,30,HCl,Pi,1,dried,80.310978,
461,5,30,HCl,Pi,2,dried,63.392754,
462,5,30,HCl,Pi,3,dried,78.420117,
463,5,50,HCl,Pi,1,dried,88.538692,
464,5,50,HCl,Pi,2,dried,89.270652,
465,5,50,HCl,Pi,3,dried,87.820802,
466,5,100,HCl,Pi,1,dried,30.730838,
467,5,100,HCl,Pi,2,dried,28.447500,
468,5,100,HCl,Pi,3,dried,34.249184,
469,6,10,HCl,Pi,1,dried,86.907668,
470,6,10,HCl,Pi,2,dried,88.684791,
471,6,10,HCl,Pi,3,dried,96.589450,
472,6,30,HCl,Pi,1,dried,77.273561,
473,6,30,HCl,Pi,2,dried,76.397564,
474,6,30,HCl,Pi,3,dried,80.131325,
475,6,50,HCl,Pi,1,dried,65.084578,
476,6,50,HCl,Pi,2,dried,65.226746,
477,6,50,HCl,Pi,3,dried,64.046734,
478,6,100,HCl,Pi,1,dried,30.730838,
479,6,100,HCl,Pi,2,dried,28.447500,
480,6,100,HCl,Pi,3,dried,34.249184,
481,1,10,H2O,Pi,1,field_fesh,1.415737,
482,1,10,H2O,Pi,2,field_fesh,1.177902,
483,1,10,H2O,Pi,3,field_fesh,1.455154,
484,1,30,H2O,Pi,1,field_fesh,1.015805,
485,1,30,H2O,Pi,2,field_fesh,1.065227,
486,1,30,H2O,Pi,3,field_fesh,1.004544,
487,1,50,H2O,Pi,1,field_fesh,1.311801,
488,1,50,H2O,Pi,2,field_fesh,1.324829,
489,1,50,H2O,Pi,3,field_fesh,1.309895,
490,1,100,H2O,Pi,1,field_fesh,3.771771,
491,1,100,H2O,Pi,2,field_fesh,2.122121,
492,1,100,H2O,Pi,3,field_fesh,2.081447,
493,2,10,H2O,Pi,1,field_fesh,0.968060,
494,2,10,H2O,Pi,2,field_fesh,0.984913,
495,2,10,H2O,Pi,3,field_fesh,0.998586,
496,2,30,H2O,Pi,1,field_fesh,1.758743,
497,2,30,H2O,Pi,2,field_fesh,1.708087,
498,2,30,H2O,Pi,3,field_fesh,1.706836,
499,2,50,H2O,Pi,1,field_fesh,1.786148,
500,2,50,H2O,Pi,2,field_fesh,1.671384,
501,2,50,H2O,Pi,3,field_fesh,1.747046,
502,2,100,H2O,Pi,1,field_fesh,3.051257,
503,2,100,H2O,Pi,2,field_fesh,2.989988,
504,2,100,H2O,Pi,3,field_fesh,3.120781,
505,3,10,H2O,Pi,1,field_fesh,0.861161,
506,3,10,H2O,Pi,2,field_fesh,0.798525,
507,3,10,H2O,Pi,3,field_fesh,0.827458,
508,3,30,H2O,Pi,1,field_fesh,0.893655,
509,3,30,H2O,Pi,2,field_fesh,0.909871,
510,3,30,H2O,Pi,3,field_fesh,0.948664,
511,3,50,H2O,Pi,1,field_fesh,1.431614,
512,3,50,H2O,Pi,2,field_fesh,1.374545,
513,3,50,H2O,Pi,3,field_fesh,1.421840,
514,3,100,H2O,Pi,1,field_fesh,2.113293,
515,3,100,H2O,Pi,2,field_fesh,1.922851,
516,3,100,H2O,Pi,3,field_fesh,2.215765,
517,4,10,H2O,Pi,1,field_fesh,0.784701,
518,4,10,H2O,Pi,2,field_fesh,0.784701,
519,4,10,H2O,Pi,3,field_fesh,0.740611,
520,4,30,H2O,Pi,1,field_fesh,0.662614,
521,4,30,H2O,Pi,2,field_fesh,0.674187,
522,4,30,H2O,Pi,3,field_fesh,0.654794,
523,4,50,H2O,Pi,1,field_fesh,1.040015,
524,4,50,H2O,Pi,2,field_fesh,1.043770,
525,4,50,H2O,Pi,3,field_fesh,1.055662,
526,4,100,H2O,Pi,1,field_fesh,0.762039,
527,4,100,H2O,Pi,2,field_fesh,0.785540,
528,4,100,H2O,Pi,3,field_fesh,0.767438,
529,5,10,H2O,Pi,1,field_fesh,0.850516,
530,5,10,H2O,Pi,2,field_fesh,0.840742,
531,5,10,H2O,Pi,3,field_fesh,0.838850,
532,5,30,H2O,Pi,1,field_fesh,0.815833,
533,5,30,H2O,Pi,2,field_fesh,0.801960,
534,5,30,H2O,Pi,3,field_fesh,0.842318,
535,5,50,H2O,Pi,1,field_fesh,1.544807,
536,5,50,H2O,Pi,2,field_fesh,1.587372,
537,5,50,H2O,Pi,3,field_fesh,1.668089,
538,5,100,H2O,Pi,1,field_fesh,1.248252,
539,5,100,H2O,Pi,2,field_fesh,1.239038,
540,5,100,H2O,Pi,3,field_fesh,1.285111,
541,6,10,H2O,Pi,1,field_fesh,0.497080,
542,6,10,H2O,Pi,2,field_fesh,0.542085,
543,6,10,H2O,Pi,3,field_fesh,0.508956,
544,6,30,H2O,Pi,1,field_fesh,0.411619,
545,6,30,H2O,Pi,2,field_fesh,0.393647,
546,6,30,H2O,Pi,3,field_fesh,0.368107,
547,6,50,H2O,Pi,1,field_fesh,0.457640,
548,6,50,H2O,Pi,2,field_fesh,0.453186,
549,6,50,H2O,Pi,3,field_fesh,0.405783,
550,6,100,H2O,Pi,1,field_fesh,1.850332,
551,6,100,H2O,Pi,2,field_fesh,1.990641,
552,6,100,H2O,Pi,3,field_fesh,2.044557,
553,1,10,NaHCO3,Pi,1,field_fesh,22.964203,
554,1,10,NaHCO3,Pi,2,field_fesh,17.659778,
555,1,10,NaHCO3,Pi,3,field_fesh,22.439506,
556,1,30,NaHCO3,Pi,1,field_fesh,13.726619,
557,1,30,NaHCO3,Pi,2,field_fesh,14.222524,
558,1,30,NaHCO3,Pi,3,field_fesh,14.139369,
559,1,50,NaHCO3,Pi,1,field_fesh,15.405786,
560,1,50,NaHCO3,Pi,2,field_fesh,14.490441,
561,1,50,NaHCO3,Pi,3,field_fesh,12.954627,
562,1,100,NaHCO3,Pi,1,field_fesh,31.886689,
563,1,100,NaHCO3,Pi,2,field_fesh,34.575024,
564,1,100,NaHCO3,Pi,3,field_fesh,33.227810,
565,2,10,NaHCO3,Pi,1,field_fesh,7.277330,
566,2,10,NaHCO3,Pi,2,field_fesh,6.960725,
567,2,10,NaHCO3,Pi,3,field_fesh,7.237370,
568,2,30,NaHCO3,Pi,1,field_fesh,21.028212,
569,2,30,NaHCO3,Pi,2,field_fesh,20.786389,
570,2,30,NaHCO3,Pi,3,field_fesh,22.054457,
571,2,50,NaHCO3,Pi,1,field_fesh,16.979412,
572,2,50,NaHCO3,Pi,2,field_fesh,16.615239,
573,2,50,NaHCO3,Pi,3,field_fesh,15.651793,
574,2,100,NaHCO3,Pi,1,field_fesh,20.202451,
575,2,100,NaHCO3,Pi,2,field_fesh,18.476209,
576,2,100,NaHCO3,Pi,3,field_fesh,22.628398,
577,3,10,NaHCO3,Pi,1,field_fesh,16.035078,
578,3,10,NaHCO3,Pi,2,field_fesh,11.695136,
579,3,10,NaHCO3,Pi,3,field_fesh,14.607384,
580,3,30,NaHCO3,Pi,1,field_fesh,11.230276,
581,3,30,NaHCO3,Pi,2,field_fesh,10.756906,
582,3,30,NaHCO3,Pi,3,field_fesh,10.265094,
583,3,50,NaHCO3,Pi,1,field_fesh,7.900452,
584,3,50,NaHCO3,Pi,2,field_fesh,7.856256,
585,3,50,NaHCO3,Pi,3,field_fesh,6.705636,
586,3,100,NaHCO3,Pi,1,field_fesh,7.146072,
587,3,100,NaHCO3,Pi,2,field_fesh,6.754404,
588,3,100,NaHCO3,Pi,3,field_fesh,6.862608,
589,4,10,NaHCO3,Pi,1,field_fesh,17.576163,
590,4,10,NaHCO3,Pi,2,field_fesh,17.121231,
591,4,10,NaHCO3,Pi,3,field_fesh,14.187593,
592,4,30,NaHCO3,Pi,1,field_fesh,7.707233,
593,4,30,NaHCO3,Pi,2,field_fesh,7.441155,
594,4,30,NaHCO3,Pi,3,field_fesh,6.626290,
595,4,50,NaHCO3,Pi,1,field_fesh,8.468754,
596,4,50,NaHCO3,Pi,2,field_fesh,8.263049,
597,4,50,NaHCO3,Pi,3,field_fesh,7.676183,
598,4,100,NaHCO3,Pi,1,field_fesh,5.777940,
599,4,100,NaHCO3,Pi,2,field_fesh,5.610620,
600,4,100,NaHCO3,Pi,3,field_fesh,5.007348,
601,5,10,NaHCO3,Pi,1,field_fesh,14.563380,
602,5,10,NaHCO3,Pi,2,field_fesh,11.926860,
603,5,10,NaHCO3,Pi,3,field_fesh,15.584461,
604,5,30,NaHCO3,Pi,1,field_fesh,8.135148,
605,5,30,NaHCO3,Pi,2,field_fesh,7.991892,
606,5,30,NaHCO3,Pi,3,field_fesh,8.124480,
607,5,50,NaHCO3,Pi,1,field_fesh,8.790468,
608,5,50,NaHCO3,Pi,2,field_fesh,8.616732,
609,5,50,NaHCO3,Pi,3,field_fesh,6.483132,
610,5,100,NaHCO3,Pi,1,field_fesh,13.920654,
611,5,100,NaHCO3,Pi,2,field_fesh,14.237031,
612,5,100,NaHCO3,Pi,3,field_fesh,6.716151,
613,6,10,NaHCO3,Pi,1,field_fesh,9.950566,
614,6,10,NaHCO3,Pi,2,field_fesh,9.726993,
615,6,10,NaHCO3,Pi,3,field_fesh,10.379585,
616,6,30,NaHCO3,Pi,1,field_fesh,5.823240,
617,6,30,NaHCO3,Pi,2,field_fesh,5.929920,
618,6,30,NaHCO3,Pi,3,field_fesh,5.756184,
619,6,50,NaHCO3,Pi,1,field_fesh,4.837734,
620,6,50,NaHCO3,Pi,2,field_fesh,4.803904,
621,6,50,NaHCO3,Pi,3,field_fesh,4.762385,
622,6,100,NaHCO3,Pi,1,field_fesh,2.996220,
623,6,100,NaHCO3,Pi,2,field_fesh,6.361212,
624,6,100,NaHCO3,Pi,3,field_fesh,3.137952,
625,1,10,NaOH,Pi,1,field_fesh,112.750302,
626,1,10,NaOH,Pi,2,field_fesh,114.092769,
627,1,10,NaOH,Pi,3,field_fesh,116.506351,
628,1,30,NaOH,Pi,1,field_fesh,67.669285,
629,1,30,NaOH,Pi,2,field_fesh,67.612165,
630,1,30,NaOH,Pi,3,field_fesh,70.710877,
631,1,50,NaOH,Pi,1,field_fesh,77.225168,
632,1,50,NaOH,Pi,2,field_fesh,82.461687,
633,1,50,NaOH,Pi,3,field_fesh,89.380848,
634,1,100,NaOH,Pi,1,field_fesh,239.729538,
635,1,100,NaOH,Pi,2,field_fesh,237.570440,
636,1,100,NaOH,Pi,3,field_fesh,254.037180,
637,2,10,NaOH,Pi,1,field_fesh,38.697062,
638,2,10,NaOH,Pi,2,field_fesh,43.226051,
639,2,10,NaOH,Pi,3,field_fesh,41.571227,
640,2,30,NaOH,Pi,1,field_fesh,110.586243,
641,2,30,NaOH,Pi,2,field_fesh,114.254925,
642,2,30,NaOH,Pi,3,field_fesh,123.119724,
643,2,50,NaOH,Pi,1,field_fesh,86.988130,
644,2,50,NaOH,Pi,2,field_fesh,86.712381,
645,2,50,NaOH,Pi,3,field_fesh,78.715738,
646,2,100,NaOH,Pi,1,field_fesh,46.562146,
647,2,100,NaOH,Pi,2,field_fesh,46.170846,
648,2,100,NaOH,Pi,3,field_fesh,43.431745,
649,3,10,NaOH,Pi,1,field_fesh,93.764082,
650,3,10,NaOH,Pi,2,field_fesh,95.999384,
651,3,10,NaOH,Pi,3,field_fesh,104.708359,
652,3,30,NaOH,Pi,1,field_fesh,45.838925,
653,3,30,NaOH,Pi,2,field_fesh,51.209839,
654,3,30,NaOH,Pi,3,field_fesh,47.972778,
655,3,50,NaOH,Pi,1,field_fesh,40.660524,
656,3,50,NaOH,Pi,2,field_fesh,38.299907,
657,3,50,NaOH,Pi,3,field_fesh,40.459009,
658,3,100,NaOH,Pi,1,field_fesh,23.704393,
659,3,100,NaOH,Pi,2,field_fesh,24.942276,
660,3,100,NaOH,Pi,3,field_fesh,28.080170,
661,4,10,NaOH,Pi,1,field_fesh,78.096243,
662,4,10,NaOH,Pi,2,field_fesh,76.226217,
663,4,10,NaOH,Pi,3,field_fesh,75.612391,
664,4,30,NaOH,Pi,1,field_fesh,35.794566,
665,4,30,NaOH,Pi,2,field_fesh,35.766008,
666,4,30,NaOH,Pi,3,field_fesh,35.708892,
667,4,50,NaOH,Pi,1,field_fesh,29.169045,
668,4,50,NaOH,Pi,2,field_fesh,30.297621,
669,4,50,NaOH,Pi,3,field_fesh,30.411905,
670,4,100,NaOH,Pi,1,field_fesh,37.693046,
671,4,100,NaOH,Pi,2,field_fesh,38.113498,
672,4,100,NaOH,Pi,3,field_fesh,38.997894,
673,5,10,NaOH,Pi,1,field_fesh,81.985701,
674,5,10,NaOH,Pi,2,field_fesh,69.275792,
675,5,10,NaOH,Pi,3,field_fesh,76.587947,
676,5,30,NaOH,Pi,1,field_fesh,38.890060,
677,5,30,NaOH,Pi,2,field_fesh,39.221126,
678,5,30,NaOH,Pi,3,field_fesh,33.636254,
679,5,50,NaOH,Pi,1,field_fesh,51.398450,
680,5,50,NaOH,Pi,2,field_fesh,57.299987,
681,5,50,NaOH,Pi,3,field_fesh,56.479530,
682,5,100,NaOH,Pi,1,field_fesh,9.556633,
683,5,100,NaOH,Pi,2,field_fesh,11.427852,
684,5,100,NaOH,Pi,3,field_fesh,8.541242,
685,6,10,NaOH,Pi,1,field_fesh,64.658882,
686,6,10,NaOH,Pi,2,field_fesh,66.684897,
687,6,10,NaOH,Pi,3,field_fesh,65.443602,
688,6,30,NaOH,Pi,1,field_fesh,28.814261,
689,6,30,NaOH,Pi,2,field_fesh,31.318817,
690,6,30,NaOH,Pi,3,field_fesh,28.468808,
691,6,50,NaOH,Pi,1,field_fesh,22.814145,
692,6,50,NaOH,Pi,2,field_fesh,24.092229,
693,6,50,NaOH,Pi,3,field_fesh,25.268647,
694,6,100,NaOH,Pi,1,field_fesh,14.794506,
695,6,100,NaOH,Pi,2,field_fesh,16.320270,
696,6,100,NaOH,Pi,3,field_fesh,15.715723,
697,1,10,HCl,Pi,1,field_fesh,131.120058,
698,1,10,HCl,Pi,2,field_fesh,140.199419,
699,1,10,HCl,Pi,3,field_fesh,137.933291,
700,1,30,HCl,Pi,1,field_fesh,86.897241,
701,1,30,HCl,Pi,2,field_fesh,93.161667,
702,1,30,HCl,Pi,3,field_fesh,89.177907,
703,1,50,HCl,Pi,1,field_fesh,92.739412,
704,1,50,HCl,Pi,2,field_fesh,89.128921,
705,1,50,HCl,Pi,3,field_fesh,93.160635,
706,1,100,HCl,Pi,1,field_fesh,49.585728,
707,1,100,HCl,Pi,2,field_fesh,50.257488,
708,1,100,HCl,Pi,3,field_fesh,53.034094,
709,2,10,HCl,Pi,1,field_fesh,43.652944,
710,2,10,HCl,Pi,2,field_fesh,43.652944,
711,2,10,HCl,Pi,3,field_fesh,43.652944,
712,2,30,HCl,Pi,1,field_fesh,132.525984,
713,2,30,HCl,Pi,2,field_fesh,139.602606,
714,2,30,HCl,Pi,3,field_fesh,137.056193,
715,2,50,HCl,Pi,1,field_fesh,117.531030,
716,2,50,HCl,Pi,2,field_fesh,119.126480,
717,2,50,HCl,Pi,3,field_fesh,119.246893,
718,2,100,HCl,Pi,1,field_fesh,82.014932,
719,2,100,HCl,Pi,2,field_fesh,83.653232,
720,2,100,HCl,Pi,3,field_fesh,76.483806,
721,3,10,HCl,Pi,1,field_fesh,149.355154,
722,3,10,HCl,Pi,2,field_fesh,150.995983,
723,3,10,HCl,Pi,3,field_fesh,153.208829,
724,3,30,HCl,Pi,1,field_fesh,120.551374,
725,3,30,HCl,Pi,2,field_fesh,119.076029,
726,3,30,HCl,Pi,3,field_fesh,119.753487,
727,3,50,HCl,Pi,1,field_fesh,84.397822,
728,3,50,HCl,Pi,2,field_fesh,90.025677,
729,3,50,HCl,Pi,3,field_fesh,59.781553,
730,3,100,HCl,Pi,1,field_fesh,80.994242,
731,3,100,HCl,Pi,2,field_fesh,79.158096,
732,3,100,HCl,Pi,3,field_fesh,81.934702,
733,4,10,HCl,Pi,1,field_fesh,121.333690,
734,4,10,HCl,Pi,2,field_fesh,123.391530,
735,4,10,HCl,Pi,3,field_fesh,93.130870,
736,4,30,HCl,Pi,1,field_fesh,80.746116,
737,4,30,HCl,Pi,2,field_fesh,86.847255,
738,4,30,HCl,Pi,3,field_fesh,84.374219,
739,4,50,HCl,Pi,1,field_fesh,80.918631,
740,4,50,HCl,Pi,2,field_fesh,73.925589,
741,4,50,HCl,Pi,3,field_fesh,81.244578,
742,4,100,HCl,Pi,1,field_fesh,60.365113,
743,4,100,HCl,Pi,2,field_fesh,58.275083,
744,4,100,HCl,Pi,3,field_fesh,58.410409,
745,5,10,HCl,Pi,1,field_fesh,111.208510,
746,5,10,HCl,Pi,2,field_fesh,105.326881,
747,5,10,HCl,Pi,3,field_fesh,109.043955,
748,5,30,HCl,Pi,1,field_fesh,80.889747,
749,5,30,HCl,Pi,2,field_fesh,80.217982,
750,5,30,HCl,Pi,3,field_fesh,85.920481,
751,5,50,HCl,Pi,1,field_fesh,72.933119,
752,5,50,HCl,Pi,2,field_fesh,69.738531,
753,5,50,HCl,Pi,3,field_fesh,74.396066,
754,5,100,HCl,Pi,1,field_fesh,64.592611,
755,5,100,HCl,Pi,2,field_fesh,65.284621,
756,5,100,HCl,Pi,3,field_fesh,65.660713,
757,6,10,HCl,Pi,1,field_fesh,91.692291,
758,6,10,HCl,Pi,2,field_fesh,93.201594,
759,6,10,HCl,Pi,3,field_fesh,94.488931,
760,6,30,HCl,Pi,1,field_fesh,73.321250,
761,6,30,HCl,Pi,2,field_fesh,73.575023,
762,6,30,HCl,Pi,3,field_fesh,73.216754,
763,6,50,HCl,Pi,1,field_fesh,65.094932,
764,6,50,HCl,Pi,2,field_fesh,64.326743,
765,6,50,HCl,Pi,3,field_fesh,64.884058,
766,6,100,HCl,Pi,1,field_fesh,29.686703,
767,6,100,HCl,Pi,2,field_fesh,29.253791,
768,6,100,HCl,Pi,3,field_fesh,29.447856,